Unnamed: 0,Age,Sex,Job,Housing,Saving accounts,Checking account,Credit amount,Duration,Purpose,Risk
0.0,67.0,1,2.0,0,0,0,1169.0,6.0,2,0.0
1.0,22.0,0,2.0,0,0,1,5951.0,48.0,2,1.0
2.0,49.0,1,1.0,0,0,0,2096.0,12.0,5,0.0
3.0,45.0,1,2.0,2,0,0,7882.0,42.0,1,0.0
4.0,53.0,1,2.0,2,0,0,4870.0,24.0,0,1.0
5.0,35.0,1,1.0,2,0,0,9055.0,36.0,5,0.0
6.0,53.0,1,2.0,0,2,0,2835.0,24.0,1,0.0
7.0,35.0,1,3.0,1,0,1,6948.0,36.0,0,0.0
8.0,61.0,1,1.0,0,3,0,3059.0,12.0,2,0.0
9.0,28.0,1,3.0,0,0,1,5234.0,30.0,0,1.0
10.0,25.0,0,2.0,1,0,1,1295.0,12.0,0,1.0
11.0,24.0,0,2.0,1,0,0,4308.0,48.0,6,1.0
12.0,22.0,0,2.0,0,0,1,1567.0,12.0,2,0.0
13.0,60.0,1,1.0,0,0,0,1199.0,24.0,0,1.0
14.0,28.0,0,2.0,1,0,0,1403.0,15.0,0,0.0
15.0,32.0,0,1.0,0,1,0,1282.0,24.0,2,1.0
16.0,53.0,1,2.0,0,0,0,2424.0,24.0,2,0.0
17.0,25.0,1,2.0,0,0,0,8072.0,30.0,6,0.0
18.0,44.0,0,3.0,2,0,1,12579.0,24.0,0,1.0
19.0,31.0,1,2.0,0,2,0,3430.0,24.0,2,0.0
20.0,48.0,1,2.0,0,0,0,2134.0,9.0,0,0.0
21.0,44.0,1,2.0,1,2,0,2647.0,6.0,2,0.0
22.0,48.0,1,1.0,1,0,0,2241.0,10.0,0,0.0
23.0,44.0,1,2.0,0,1,1,1804.0,12.0,0,0.0
24.0,26.0,1,2.0,0,0,0,2069.0,10.0,1,0.0
25.0,36.0,1,1.0,0,0,0,1374.0,6.0,1,0.0
26.0,39.0,1,1.0,0,0,0,426.0,6.0,2,0.0
27.0,42.0,0,2.0,1,3,3,409.0,12.0,2,0.0
28.0,34.0,1,2.0,0,0,1,2415.0,7.0,2,0.0
29.0,63.0,1,2.0,0,0,0,6836.0,60.0,6,1.0
30.0,36.0,1,2.0,0,3,1,1913.0,18.0,6,0.0
31.0,27.0,1,2.0,0,0,0,4020.0,24.0,1,0.0
32.0,30.0,1,2.0,0,1,1,5866.0,18.0,0,0.0
33.0,57.0,1,1.0,1,0,0,1264.0,12.0,6,0.0
34.0,33.0,0,3.0,0,0,3,1474.0,12.0,1,0.0
35.0,25.0,1,1.0,0,0,1,4746.0,45.0,2,1.0
36.0,31.0,1,2.0,2,0,0,6110.0,48.0,5,0.0
37.0,37.0,1,2.0,0,0,3,2100.0,18.0,2,1.0
38.0,37.0,1,2.0,0,0,3,1225.0,10.0,3,0.0
39.0,24.0,1,2.0,0,0,1,458.0,9.0,2,0.0
40.0,30.0,1,3.0,0,2,0,2333.0,30.0,2,0.0
41.0,26.0,1,2.0,0,2,1,1158.0,12.0,2,0.0
42.0,44.0,1,1.0,0,0,1,6204.0,18.0,4,0.0
43.0,24.0,1,2.0,1,1,0,6187.0,30.0,0,0.0
44.0,58.0,0,1.0,2,0,0,6143.0,48.0,0,1.0
45.0,35.0,0,3.0,0,0,0,1393.0,11.0,0,0.0
46.0,39.0,1,2.0,0,2,0,2299.0,36.0,2,0.0
47.0,23.0,0,0.0,1,2,0,1352.0,6.0,0,0.0
48.0,39.0,1,1.0,0,0,0,7228.0,11.0,0,0.0
49.0,28.0,0,2.0,0,1,0,2073.0,12.0,2,0.0
50.0,29.0,1,1.0,0,0,1,2333.0,24.0,1,0.0
51.0,30.0,1,3.0,0,0,1,5965.0,27.0,0,0.0
52.0,25.0,1,2.0,0,0,0,1262.0,12.0,2,0.0
53.0,31.0,1,2.0,0,0,0,3378.0,18.0,0,0.0
54.0,57.0,1,2.0,2,0,1,2225.0,36.0,0,1.0
55.0,26.0,1,1.0,0,0,0,783.0,6.0,0,0.0
56.0,52.0,1,3.0,0,0,1,6468.0,12.0,2,1.0
57.0,31.0,0,2.0,0,0,0,9566.0,36.0,2,0.0
58.0,23.0,0,3.0,0,0,3,1961.0,18.0,0,0.0
59.0,23.0,0,1.0,1,0,0,6229.0,36.0,1,1.0
60.0,27.0,1,2.0,0,0,1,1391.0,9.0,6,0.0
61.0,50.0,1,2.0,0,0,1,1537.0,15.0,2,0.0
62.0,61.0,1,3.0,2,0,1,1953.0,36.0,6,1.0
63.0,25.0,1,2.0,0,0,1,14421.0,48.0,6,1.0
64.0,26.0,0,2.0,0,0,0,3181.0,24.0,2,0.0
65.0,48.0,1,2.0,0,0,0,5190.0,27.0,4,0.0
66.0,29.0,0,2.0,0,0,0,2171.0,12.0,2,0.0
67.0,22.0,1,2.0,0,3,1,1007.0,12.0,0,0.0
68.0,37.0,1,2.0,2,0,0,1819.0,36.0,5,1.0
69.0,25.0,0,2.0,0,0,0,2394.0,36.0,2,0.0
70.0,30.0,0,2.0,0,0,0,8133.0,36.0,0,0.0
71.0,46.0,1,1.0,1,0,0,730.0,7.0,2,0.0
72.0,51.0,1,3.0,2,0,0,1164.0,8.0,7,0.0
73.0,41.0,0,1.0,0,0,1,5954.0,42.0,6,0.0
74.0,40.0,1,3.0,0,0,0,1977.0,36.0,5,1.0
75.0,66.0,1,3.0,2,0,0,1526.0,12.0,0,0.0
76.0,34.0,1,2.0,0,0,0,3965.0,42.0,2,1.0
77.0,51.0,1,2.0,0,0,1,4771.0,11.0,2,0.0
78.0,39.0,1,1.0,0,0,0,9436.0,54.0,0,0.0
79.0,22.0,1,2.0,0,0,1,3832.0,30.0,1,0.0
80.0,44.0,0,2.0,0,0,0,5943.0,24.0,2,1.0
81.0,47.0,1,2.0,0,2,0,1213.0,15.0,2,0.0
82.0,24.0,0,1.0,1,1,0,1568.0,18.0,6,0.0
83.0,58.0,0,1.0,0,0,0,1755.0,24.0,7,0.0
84.0,52.0,1,1.0,0,0,0,2315.0,10.0,2,0.0
85.0,29.0,0,3.0,0,0,0,1412.0,12.0,6,0.0
86.0,27.0,0,2.0,0,0,1,1295.0,18.0,1,0.0
87.0,47.0,1,2.0,2,1,1,12612.0,36.0,5,1.0
88.0,30.0,1,3.0,0,1,0,2249.0,18.0,0,0.0
89.0,28.0,1,2.0,0,0,0,1108.0,12.0,4,1.0
90.0,56.0,1,2.0,0,0,0,618.0,12.0,2,0.0
91.0,54.0,1,2.0,0,0,0,1409.0,12.0,0,0.0
92.0,33.0,0,1.0,0,0,0,797.0,12.0,2,1.0
93.0,20.0,1,2.0,1,0,3,3617.0,24.0,1,0.0
94.0,54.0,1,2.0,0,3,1,1318.0,12.0,0,0.0
95.0,58.0,1,2.0,1,0,1,15945.0,54.0,6,1.0
96.0,61.0,0,2.0,0,0,0,2012.0,12.0,5,0.0
97.0,34.0,1,2.0,0,1,1,2622.0,18.0,6,0.0
98.0,36.0,1,2.0,0,0,1,2337.0,36.0,2,0.0
99.0,36.0,1,3.0,1,0,1,7057.0,20.0,0,0.0
100.0,41.0,1,1.0,1,1,0,1469.0,24.0,0,0.0
101.0,24.0,1,2.0,1,0,1,2323.0,36.0,2,0.0
102.0,24.0,0,2.0,0,0,0,932.0,6.0,2,0.0
103.0,35.0,1,2.0,1,0,1,1919.0,9.0,1,0.0
104.0,26.0,1,2.0,1,0,0,2445.0,12.0,0,0.0
105.0,39.0,1,3.0,0,0,1,11938.0,24.0,7,1.0
106.0,39.0,1,3.0,0,0,0,6458.0,18.0,0,1.0
107.0,32.0,1,2.0,0,0,1,6078.0,12.0,0,0.0
108.0,30.0,0,2.0,0,0,0,7721.0,24.0,1,0.0
109.0,35.0,1,2.0,0,2,1,1410.0,14.0,6,0.0
110.0,31.0,1,2.0,0,1,1,1449.0,6.0,6,0.0
111.0,23.0,0,2.0,1,0,3,392.0,15.0,5,0.0
112.0,28.0,1,1.0,1,0,1,6260.0,18.0,0,0.0
113.0,25.0,0,2.0,0,0,0,7855.0,36.0,0,1.0
114.0,35.0,1,2.0,0,2,0,1680.0,12.0,2,0.0
115.0,47.0,1,2.0,0,0,0,3578.0,48.0,2,0.0
116.0,30.0,0,3.0,0,0,0,7174.0,42.0,2,1.0
117.0,27.0,0,2.0,1,0,0,2132.0,10.0,1,0.0
118.0,23.0,0,2.0,0,2,0,4281.0,33.0,1,1.0
119.0,36.0,1,3.0,0,2,1,2366.0,12.0,0,0.0
120.0,25.0,0,2.0,0,0,0,1835.0,21.0,2,1.0
121.0,41.0,0,3.0,1,0,0,3868.0,24.0,0,0.0
122.0,24.0,1,1.0,1,0,0,1768.0,12.0,1,0.0
123.0,63.0,1,2.0,2,0,3,781.0,10.0,0,0.0
124.0,27.0,0,2.0,1,0,1,1924.0,18.0,1,1.0
125.0,30.0,1,2.0,0,0,0,2121.0,12.0,0,0.0
126.0,40.0,1,1.0,0,0,0,701.0,12.0,2,0.0
127.0,30.0,1,2.0,0,0,1,639.0,12.0,4,1.0
128.0,34.0,1,3.0,0,0,1,1860.0,12.0,0,0.0
129.0,29.0,0,2.0,0,0,0,3499.0,12.0,0,1.0
130.0,24.0,0,2.0,0,0,1,8487.0,48.0,0,0.0
131.0,29.0,1,2.0,0,0,0,6887.0,36.0,5,1.0
132.0,27.0,1,1.0,0,0,0,2708.0,15.0,1,0.0
133.0,47.0,1,2.0,2,0,0,1984.0,18.0,1,0.0
134.0,21.0,0,2.0,0,1,0,10144.0,60.0,2,0.0
135.0,38.0,0,2.0,0,0,0,1240.0,12.0,2,0.0
136.0,27.0,1,2.0,0,3,0,8613.0,27.0,0,0.0
137.0,66.0,1,1.0,0,2,1,766.0,12.0,2,1.0
138.0,35.0,1,2.0,0,0,1,2728.0,15.0,2,0.0
139.0,44.0,0,1.0,1,0,3,1881.0,12.0,2,0.0
140.0,27.0,1,0.0,0,3,3,709.0,6.0,0,0.0
141.0,30.0,0,3.0,0,0,1,4795.0,36.0,2,0.0
142.0,27.0,1,3.0,0,0,0,3416.0,27.0,2,0.0
143.0,22.0,1,2.0,0,0,0,2462.0,18.0,1,1.0
144.0,23.0,0,2.0,0,0,0,2288.0,21.0,1,0.0
145.0,30.0,1,2.0,0,1,1,3566.0,48.0,6,0.0
146.0,39.0,0,2.0,0,0,0,860.0,6.0,0,0.0
147.0,51.0,0,2.0,0,1,0,682.0,12.0,0,0.0
148.0,28.0,1,2.0,0,0,0,5371.0,36.0,1,0.0
149.0,46.0,1,2.0,0,3,0,1582.0,18.0,2,0.0
150.0,42.0,1,2.0,2,1,0,1346.0,6.0,2,0.0
151.0,38.0,1,2.0,0,0,0,1924.0,10.0,2,0.0
152.0,24.0,1,2.0,0,0,3,5848.0,36.0,2,0.0
153.0,29.0,0,2.0,1,3,1,7758.0,24.0,0,0.0
154.0,36.0,1,3.0,1,1,1,6967.0,24.0,6,0.0
155.0,20.0,0,2.0,1,0,0,1282.0,12.0,1,1.0
156.0,48.0,1,2.0,0,1,0,1288.0,9.0,4,0.0
157.0,45.0,1,1.0,0,0,0,339.0,12.0,5,0.0
158.0,38.0,1,2.0,0,1,1,3512.0,24.0,0,0.0
159.0,34.0,1,1.0,0,0,0,1898.0,6.0,2,0.0
160.0,36.0,1,2.0,0,1,0,2872.0,24.0,2,0.0
161.0,30.0,0,2.0,0,0,0,1055.0,18.0,0,0.0
162.0,36.0,1,2.0,0,2,0,1262.0,15.0,3,0.0
163.0,70.0,1,3.0,2,0,1,7308.0,10.0,0,0.0
164.0,36.0,1,2.0,0,2,0,909.0,36.0,0,0.0
165.0,32.0,1,2.0,0,2,0,2978.0,6.0,1,0.0
166.0,33.0,0,2.0,0,0,0,1131.0,18.0,1,1.0
167.0,20.0,0,2.0,0,3,1,1577.0,11.0,1,0.0
168.0,25.0,0,2.0,1,0,0,3972.0,24.0,1,0.0
169.0,31.0,1,2.0,0,0,1,1935.0,24.0,6,1.0
170.0,33.0,1,2.0,1,0,0,950.0,15.0,0,1.0
171.0,26.0,0,2.0,0,0,0,763.0,12.0,1,0.0
172.0,34.0,0,3.0,0,0,1,2064.0,24.0,1,1.0
173.0,33.0,1,2.0,0,0,1,1414.0,8.0,2,0.0
174.0,26.0,1,2.0,0,0,0,3414.0,21.0,5,1.0
175.0,53.0,0,3.0,0,0,0,7485.0,30.0,0,1.0
176.0,42.0,1,2.0,0,0,0,2577.0,12.0,1,0.0
177.0,52.0,1,2.0,0,2,0,338.0,6.0,2,0.0
178.0,31.0,1,3.0,1,0,0,1963.0,12.0,2,0.0
179.0,65.0,1,2.0,0,0,0,571.0,21.0,0,0.0
180.0,28.0,1,2.0,0,0,0,9572.0,36.0,6,1.0
181.0,30.0,1,3.0,0,0,1,4455.0,36.0,6,1.0
182.0,40.0,1,1.0,0,0,0,1647.0,21.0,0,1.0
183.0,50.0,1,2.0,0,3,0,3777.0,24.0,1,0.0
184.0,36.0,1,2.0,0,0,1,884.0,18.0,0,1.0
185.0,31.0,1,2.0,0,0,0,1360.0,15.0,2,0.0
186.0,74.0,0,3.0,2,0,1,5129.0,9.0,0,1.0
187.0,68.0,1,0.0,2,0,1,1175.0,16.0,0,0.0
188.0,20.0,1,2.0,0,1,0,674.0,12.0,2,1.0
189.0,33.0,0,2.0,0,0,1,3244.0,18.0,1,0.0
190.0,54.0,1,3.0,0,3,0,4591.0,24.0,6,1.0
191.0,34.0,1,1.0,2,1,1,3844.0,48.0,6,1.0
192.0,36.0,1,2.0,0,0,1,3915.0,27.0,6,1.0
193.0,29.0,1,2.0,1,0,0,2108.0,6.0,2,0.0
194.0,21.0,1,2.0,1,1,1,3031.0,45.0,2,1.0
195.0,34.0,0,3.0,0,0,1,1501.0,9.0,5,1.0
196.0,28.0,0,2.0,0,0,0,1382.0,6.0,2,0.0
197.0,27.0,0,2.0,1,1,1,951.0,12.0,1,1.0
198.0,36.0,1,2.0,2,0,1,2760.0,24.0,0,0.0
199.0,40.0,1,3.0,0,0,1,4297.0,18.0,1,1.0
200.0,52.0,1,2.0,0,2,0,936.0,9.0,5,0.0
201.0,27.0,1,1.0,0,0,0,1168.0,12.0,0,0.0
202.0,26.0,1,2.0,0,0,0,5117.0,27.0,6,0.0
203.0,21.0,1,2.0,1,0,0,902.0,12.0,5,1.0
204.0,38.0,1,1.0,0,0,0,1495.0,12.0,0,0.0
205.0,38.0,1,3.0,2,0,0,10623.0,30.0,0,0.0
206.0,43.0,1,2.0,0,0,0,1935.0,12.0,1,0.0
207.0,26.0,1,2.0,0,0,1,1424.0,12.0,3,0.0
208.0,21.0,1,1.0,0,0,0,6568.0,24.0,6,0.0
209.0,55.0,1,2.0,0,3,0,1413.0,12.0,0,0.0
210.0,33.0,1,2.0,0,0,0,3074.0,9.0,2,0.0
211.0,45.0,0,1.0,0,0,0,3835.0,36.0,2,0.0
212.0,50.0,1,2.0,0,0,0,5293.0,27.0,6,1.0
213.0,66.0,1,3.0,0,0,3,1908.0,30.0,6,1.0
214.0,51.0,1,2.0,0,0,0,3342.0,36.0,2,0.0
215.0,39.0,0,1.0,0,0,1,932.0,6.0,5,0.0
216.0,31.0,1,2.0,0,0,0,3104.0,18.0,6,0.0
217.0,23.0,1,2.0,0,0,3,3913.0,36.0,2,0.0
218.0,24.0,1,1.0,1,0,0,3021.0,24.0,1,0.0
219.0,64.0,0,2.0,0,0,0,1364.0,10.0,0,0.0
220.0,26.0,1,1.0,0,0,1,625.0,12.0,2,0.0
221.0,23.0,0,2.0,1,0,0,1200.0,12.0,5,0.0
222.0,30.0,1,2.0,0,0,0,707.0,12.0,2,0.0
223.0,32.0,1,2.0,0,0,0,2978.0,24.0,6,0.0
224.0,30.0,1,2.0,0,0,0,4657.0,15.0,0,0.0
225.0,27.0,1,2.0,0,0,0,2613.0,36.0,4,0.0
226.0,27.0,1,2.0,0,3,1,10961.0,48.0,2,1.0
227.0,53.0,1,3.0,2,0,0,7865.0,12.0,1,1.0
228.0,22.0,1,2.0,0,0,0,1478.0,9.0,2,1.0
229.0,22.0,1,2.0,2,0,0,3149.0,24.0,1,0.0
230.0,26.0,1,2.0,0,0,3,4210.0,36.0,2,1.0
231.0,51.0,1,1.0,2,2,0,2507.0,9.0,0,0.0
232.0,35.0,1,2.0,0,1,0,2141.0,12.0,2,0.0
233.0,25.0,1,1.0,0,0,1,866.0,18.0,2,0.0
234.0,42.0,1,1.0,0,0,0,1544.0,4.0,2,0.0
235.0,30.0,1,3.0,0,0,0,1823.0,24.0,2,1.0
236.0,23.0,1,0.0,0,0,1,14555.0,6.0,0,1.0
237.0,61.0,1,1.0,1,1,1,2767.0,21.0,6,1.0
238.0,35.0,0,2.0,0,0,0,1291.0,12.0,2,0.0
239.0,39.0,1,2.0,0,0,0,2522.0,30.0,2,0.0
240.0,29.0,0,2.0,0,0,0,915.0,24.0,0,1.0
241.0,51.0,1,2.0,0,0,0,1595.0,6.0,2,0.0
242.0,24.0,1,2.0,2,0,0,4605.0,48.0,0,1.0
243.0,27.0,0,2.0,0,0,0,1185.0,12.0,6,0.0
244.0,35.0,0,1.0,0,2,0,3447.0,12.0,5,0.0
245.0,25.0,1,2.0,0,0,0,1258.0,24.0,6,0.0
246.0,52.0,1,2.0,0,0,0,717.0,12.0,2,0.0
247.0,35.0,1,2.0,1,1,0,1204.0,6.0,0,0.0
248.0,26.0,1,2.0,0,0,3,1925.0,24.0,1,0.0
249.0,22.0,0,2.0,1,0,0,433.0,18.0,2,1.0
250.0,39.0,0,1.0,0,3,0,666.0,6.0,0,0.0
251.0,46.0,0,1.0,0,0,3,2251.0,12.0,1,0.0
252.0,24.0,0,2.0,0,0,1,2150.0,30.0,0,1.0
253.0,35.0,1,2.0,0,1,0,4151.0,24.0,1,0.0
254.0,24.0,1,2.0,0,0,1,2030.0,9.0,1,0.0
255.0,27.0,1,1.0,0,0,1,7418.0,60.0,2,0.0
256.0,35.0,1,1.0,0,0,0,2684.0,24.0,2,0.0
257.0,29.0,1,2.0,2,0,0,2149.0,12.0,2,1.0
258.0,23.0,0,2.0,0,1,0,3812.0,15.0,0,0.0
259.0,57.0,0,1.0,0,1,0,1154.0,11.0,2,0.0
260.0,27.0,1,2.0,0,0,0,1657.0,12.0,1,0.0
261.0,55.0,0,2.0,0,0,0,1603.0,24.0,2,0.0
262.0,36.0,1,3.0,2,0,0,5302.0,18.0,0,0.0
263.0,57.0,0,1.0,2,0,0,2748.0,12.0,5,0.0
264.0,32.0,1,1.0,0,0,0,1231.0,10.0,0,0.0
265.0,37.0,1,2.0,0,0,1,802.0,15.0,2,1.0
266.0,36.0,1,2.0,0,0,0,6304.0,36.0,6,0.0
267.0,38.0,0,2.0,0,0,0,1533.0,24.0,2,0.0
268.0,45.0,1,3.0,0,0,0,8978.0,14.0,0,1.0
269.0,25.0,1,2.0,0,0,0,999.0,24.0,2,0.0
270.0,32.0,1,2.0,0,0,0,2662.0,18.0,0,0.0
271.0,37.0,0,2.0,1,2,0,1402.0,12.0,1,0.0
272.0,36.0,1,3.0,2,0,1,12169.0,48.0,0,0.0
273.0,28.0,1,2.0,0,0,1,3060.0,48.0,2,1.0
274.0,34.0,1,1.0,0,0,0,11998.0,30.0,4,1.0
275.0,32.0,1,2.0,0,0,0,2697.0,9.0,2,0.0
276.0,26.0,0,2.0,0,0,0,2404.0,18.0,2,0.0
277.0,49.0,1,1.0,0,0,0,1262.0,12.0,1,0.0
278.0,32.0,0,2.0,0,0,0,4611.0,6.0,1,1.0
279.0,29.0,1,3.0,1,1,0,1901.0,24.0,2,0.0
280.0,23.0,1,2.0,1,3,0,3368.0,15.0,0,0.0
281.0,50.0,1,2.0,0,0,0,1574.0,12.0,1,0.0
282.0,49.0,1,1.0,0,0,3,1445.0,18.0,2,0.0
283.0,63.0,1,2.0,0,0,0,1520.0,15.0,1,0.0
284.0,37.0,1,2.0,0,1,1,3878.0,24.0,0,0.0
285.0,35.0,0,1.0,0,0,0,10722.0,47.0,0,0.0
286.0,26.0,1,2.0,0,0,0,4788.0,48.0,0,0.0
287.0,31.0,1,3.0,2,1,1,7582.0,48.0,7,0.0
288.0,49.0,0,2.0,0,0,1,1092.0,12.0,2,0.0
289.0,48.0,1,2.0,0,0,0,1024.0,24.0,2,1.0
290.0,26.0,1,2.0,0,0,0,1076.0,12.0,6,0.0
291.0,28.0,1,3.0,1,0,1,9398.0,36.0,0,1.0
292.0,44.0,0,3.0,2,0,0,6419.0,24.0,0,0.0
293.0,56.0,1,2.0,2,0,3,4796.0,42.0,0,0.0
294.0,46.0,1,3.0,0,0,0,7629.0,48.0,6,0.0
295.0,26.0,0,2.0,0,0,1,9960.0,48.0,1,1.0
296.0,20.0,0,2.0,1,0,0,4675.0,12.0,0,0.0
297.0,45.0,1,1.0,0,0,0,1287.0,10.0,0,0.0
298.0,43.0,1,2.0,0,0,0,2515.0,18.0,1,0.0
299.0,32.0,1,2.0,0,3,1,2745.0,21.0,1,0.0
300.0,54.0,0,0.0,0,0,0,672.0,6.0,0,0.0
301.0,42.0,0,2.0,0,0,1,3804.0,36.0,2,1.0
302.0,37.0,1,1.0,0,0,3,1344.0,24.0,0,1.0
303.0,49.0,1,2.0,0,0,0,1038.0,10.0,0,0.0
304.0,44.0,1,2.0,2,2,0,10127.0,48.0,0,1.0
305.0,33.0,1,2.0,0,3,0,1543.0,6.0,1,0.0
306.0,24.0,0,1.0,1,0,0,4811.0,30.0,0,0.0
307.0,33.0,1,1.0,0,1,0,727.0,12.0,2,1.0
308.0,24.0,0,2.0,0,0,1,1237.0,8.0,1,1.0
309.0,22.0,1,1.0,1,0,1,276.0,9.0,0,0.0
310.0,40.0,1,0.0,2,0,1,5381.0,48.0,7,0.0
311.0,25.0,1,2.0,0,1,0,5511.0,24.0,1,0.0
312.0,26.0,0,2.0,0,0,3,3749.0,24.0,1,0.0
313.0,25.0,1,1.0,0,0,1,685.0,12.0,0,1.0
314.0,29.0,1,1.0,0,0,3,1494.0,4.0,0,0.0
315.0,31.0,1,2.0,0,0,0,2746.0,36.0,1,1.0
316.0,38.0,1,1.0,0,0,0,708.0,12.0,1,0.0
317.0,48.0,0,1.0,0,0,1,4351.0,24.0,1,0.0
318.0,32.0,1,2.0,0,0,0,701.0,12.0,5,0.0
319.0,27.0,0,1.0,0,0,0,3643.0,15.0,1,0.0
320.0,28.0,1,3.0,0,0,1,4249.0,30.0,0,1.0
321.0,32.0,1,2.0,0,0,0,1938.0,24.0,2,1.0
322.0,34.0,1,3.0,2,0,0,2910.0,24.0,0,0.0
323.0,28.0,1,2.0,0,3,0,2659.0,18.0,1,0.0
324.0,36.0,0,2.0,0,0,0,1028.0,18.0,0,0.0
325.0,39.0,1,1.0,0,0,0,3398.0,8.0,0,0.0
326.0,49.0,1,2.0,1,0,0,5801.0,12.0,1,0.0
327.0,34.0,0,2.0,0,3,0,1525.0,24.0,0,0.0
328.0,31.0,1,2.0,0,0,3,4473.0,36.0,2,0.0
329.0,28.0,1,2.0,0,0,1,1068.0,6.0,2,0.0
330.0,75.0,1,3.0,2,0,0,6615.0,24.0,0,0.0
331.0,30.0,0,2.0,0,1,0,1864.0,18.0,5,1.0
332.0,24.0,0,3.0,0,1,1,7408.0,60.0,0,1.0
333.0,24.0,0,1.0,1,1,0,11590.0,48.0,0,1.0
334.0,23.0,1,2.0,1,0,0,4110.0,24.0,1,1.0
335.0,44.0,1,3.0,1,0,0,3384.0,6.0,1,1.0
336.0,23.0,0,1.0,0,0,1,2101.0,13.0,2,0.0
337.0,24.0,0,2.0,1,0,0,1275.0,15.0,3,1.0
338.0,28.0,1,2.0,0,0,0,4169.0,24.0,1,0.0
339.0,31.0,1,1.0,0,0,1,1521.0,10.0,1,0.0
340.0,24.0,0,2.0,2,0,1,5743.0,24.0,5,0.0
341.0,26.0,0,1.0,1,0,0,3599.0,21.0,1,0.0
342.0,25.0,1,2.0,1,2,1,3213.0,18.0,2,0.0
343.0,33.0,1,3.0,0,0,1,4439.0,18.0,6,0.0
344.0,37.0,1,1.0,0,0,3,3949.0,10.0,0,0.0
345.0,43.0,0,1.0,0,0,0,1459.0,15.0,2,0.0
346.0,23.0,1,2.0,0,0,1,882.0,13.0,2,0.0
347.0,23.0,0,0.0,1,2,1,3758.0,24.0,2,0.0
348.0,34.0,1,1.0,0,1,0,1743.0,6.0,6,0.0
349.0,32.0,1,2.0,2,3,1,1136.0,9.0,5,1.0
350.0,23.0,0,2.0,1,0,0,1236.0,9.0,3,0.0
351.0,29.0,0,2.0,0,0,1,959.0,9.0,1,1.0
352.0,38.0,1,3.0,0,0,0,3229.0,18.0,0,0.0
353.0,28.0,1,2.0,1,0,0,6199.0,12.0,2,1.0
354.0,46.0,1,2.0,2,2,0,727.0,10.0,5,0.0
355.0,23.0,1,1.0,0,0,1,1246.0,24.0,0,1.0
356.0,49.0,1,2.0,0,0,0,2331.0,12.0,2,0.0
357.0,26.0,1,3.0,0,0,0,4463.0,36.0,2,1.0
358.0,28.0,1,2.0,0,0,0,776.0,12.0,2,0.0
359.0,23.0,0,2.0,1,0,0,2406.0,30.0,1,1.0
360.0,61.0,1,2.0,2,0,1,1239.0,18.0,5,0.0
361.0,37.0,1,3.0,0,0,3,3399.0,12.0,2,0.0
362.0,36.0,0,2.0,0,0,3,2247.0,12.0,0,0.0
363.0,21.0,1,2.0,1,0,0,1766.0,6.0,1,0.0
364.0,25.0,1,0.0,0,0,0,2473.0,18.0,1,1.0
365.0,36.0,1,2.0,0,0,0,1542.0,12.0,6,0.0
366.0,27.0,1,2.0,0,0,0,3850.0,18.0,0,0.0
367.0,22.0,0,2.0,1,0,0,3650.0,18.0,1,0.0
368.0,42.0,1,2.0,0,0,0,3446.0,36.0,1,1.0
369.0,40.0,0,2.0,1,0,1,3001.0,18.0,1,0.0
370.0,36.0,1,2.0,0,0,0,3079.0,36.0,0,0.0
371.0,33.0,1,2.0,0,0,0,6070.0,18.0,2,0.0
372.0,23.0,0,2.0,1,0,0,2146.0,10.0,1,0.0
373.0,63.0,1,3.0,2,0,0,13756.0,60.0,0,0.0
374.0,60.0,0,3.0,2,1,1,14782.0,60.0,7,1.0
375.0,37.0,0,2.0,1,0,0,7685.0,48.0,6,1.0
376.0,34.0,1,2.0,0,0,0,2320.0,18.0,2,0.0
377.0,36.0,1,2.0,2,0,0,846.0,7.0,2,0.0
378.0,57.0,1,3.0,2,0,1,14318.0,36.0,0,1.0
379.0,52.0,0,1.0,0,1,0,362.0,6.0,0,0.0
380.0,39.0,1,2.0,0,0,0,2212.0,20.0,1,0.0
381.0,38.0,0,3.0,2,0,1,12976.0,18.0,0,1.0
382.0,25.0,0,2.0,1,0,0,1283.0,22.0,0,0.0
383.0,26.0,1,2.0,0,0,3,1330.0,12.0,0,0.0
384.0,26.0,1,1.0,0,1,0,4272.0,30.0,6,0.0
385.0,25.0,0,2.0,0,0,0,2238.0,18.0,2,0.0
386.0,21.0,0,2.0,1,0,0,1126.0,18.0,2,0.0
387.0,40.0,1,3.0,0,0,1,7374.0,18.0,1,0.0
388.0,27.0,1,2.0,0,2,1,2326.0,15.0,6,0.0
389.0,27.0,0,2.0,0,0,0,1449.0,9.0,6,0.0
390.0,30.0,1,3.0,0,0,0,1820.0,18.0,0,0.0
391.0,19.0,0,1.0,1,3,1,983.0,12.0,1,0.0
392.0,39.0,1,3.0,2,0,0,3249.0,36.0,0,0.0
393.0,31.0,0,2.0,0,0,0,1957.0,6.0,2,0.0
394.0,31.0,1,3.0,0,0,0,2406.0,9.0,1,0.0
395.0,32.0,1,2.0,1,1,1,11760.0,39.0,5,0.0
396.0,55.0,0,3.0,2,0,0,2578.0,12.0,1,0.0
397.0,46.0,1,2.0,0,0,0,2348.0,36.0,1,0.0
398.0,46.0,1,2.0,1,0,1,1223.0,12.0,0,1.0
399.0,43.0,0,1.0,0,3,0,1516.0,24.0,2,0.0
400.0,39.0,1,2.0,0,0,0,1473.0,18.0,2,0.0
401.0,28.0,1,2.0,0,0,1,1887.0,18.0,6,0.0
402.0,27.0,1,2.0,0,0,0,8648.0,24.0,6,1.0
403.0,27.0,1,1.0,0,0,0,802.0,14.0,0,0.0
404.0,43.0,1,2.0,0,0,1,2899.0,18.0,0,0.0
405.0,22.0,1,2.0,0,0,1,2039.0,24.0,2,1.0
406.0,43.0,1,2.0,0,0,0,2197.0,24.0,0,0.0
407.0,27.0,1,2.0,0,0,0,1053.0,15.0,2,0.0
408.0,26.0,1,3.0,0,2,0,3235.0,24.0,2,0.0
409.0,28.0,1,2.0,0,2,3,939.0,12.0,0,1.0
410.0,20.0,0,2.0,0,0,1,1967.0,24.0,2,0.0
411.0,35.0,1,3.0,0,0,0,7253.0,33.0,0,0.0
412.0,42.0,1,3.0,0,0,0,2292.0,12.0,6,1.0
413.0,40.0,1,1.0,1,2,0,1597.0,10.0,0,0.0
414.0,35.0,0,2.0,0,0,0,1381.0,24.0,0,1.0
415.0,35.0,1,2.0,0,0,0,5842.0,36.0,0,0.0
416.0,33.0,1,1.0,0,0,0,2579.0,12.0,0,1.0
417.0,23.0,0,2.0,1,0,0,8471.0,18.0,5,0.0
418.0,31.0,0,3.0,0,2,0,2782.0,21.0,0,0.0
419.0,33.0,0,2.0,0,0,1,1042.0,18.0,0,1.0
420.0,20.0,0,2.0,1,3,0,3186.0,15.0,0,0.0
421.0,30.0,1,2.0,0,0,1,2028.0,12.0,0,0.0
422.0,47.0,1,1.0,0,0,1,958.0,12.0,0,0.0
423.0,34.0,1,3.0,0,1,0,1591.0,21.0,1,0.0
424.0,25.0,0,2.0,0,0,1,2762.0,12.0,1,1.0
425.0,21.0,1,2.0,1,0,1,2779.0,18.0,0,0.0
426.0,29.0,1,2.0,0,0,0,2743.0,28.0,2,0.0
427.0,46.0,1,2.0,0,3,0,1149.0,18.0,2,0.0
428.0,20.0,1,2.0,0,0,0,1313.0,9.0,1,0.0
429.0,55.0,0,0.0,2,0,0,1190.0,18.0,4,1.0
430.0,74.0,1,1.0,0,0,0,3448.0,5.0,6,0.0
431.0,29.0,1,3.0,0,0,1,11328.0,24.0,7,1.0
432.0,36.0,1,3.0,2,0,0,1872.0,6.0,1,0.0
433.0,33.0,1,2.0,0,0,0,2058.0,24.0,4,0.0
434.0,25.0,1,2.0,0,0,0,2136.0,9.0,1,0.0
435.0,25.0,1,2.0,0,0,1,1484.0,12.0,2,1.0
436.0,23.0,1,1.0,1,2,0,660.0,6.0,4,0.0
437.0,37.0,0,2.0,0,3,0,1287.0,24.0,0,0.0
438.0,65.0,1,0.0,0,0,0,3394.0,42.0,4,0.0
439.0,26.0,0,0.0,0,0,3,609.0,12.0,6,1.0
440.0,39.0,1,3.0,0,0,0,1884.0,12.0,0,0.0
441.0,30.0,0,2.0,0,0,0,1620.0,12.0,1,0.0
442.0,29.0,1,2.0,0,0,1,2629.0,20.0,7,0.0
443.0,41.0,1,1.0,0,0,0,719.0,12.0,5,1.0
444.0,30.0,0,3.0,0,0,1,5096.0,48.0,1,1.0
445.0,41.0,0,1.0,1,0,0,1244.0,9.0,5,0.0
446.0,34.0,0,2.0,0,0,0,1842.0,36.0,0,1.0
447.0,35.0,1,2.0,0,0,1,2576.0,7.0,2,0.0
448.0,55.0,0,3.0,0,0,3,1424.0,12.0,1,0.0
449.0,61.0,1,2.0,0,3,1,1512.0,15.0,4,1.0
450.0,30.0,1,3.0,0,0,0,11054.0,36.0,0,0.0
451.0,29.0,0,2.0,0,0,0,518.0,6.0,2,0.0
452.0,34.0,1,2.0,0,0,0,2759.0,12.0,1,0.0
453.0,35.0,1,3.0,0,0,0,2670.0,24.0,0,0.0
454.0,31.0,1,2.0,0,0,0,4817.0,24.0,0,1.0
455.0,29.0,0,3.0,0,0,0,2679.0,24.0,0,0.0
456.0,36.0,1,2.0,1,0,0,3905.0,11.0,0,0.0
457.0,35.0,1,2.0,2,0,0,3386.0,12.0,0,1.0
458.0,27.0,0,2.0,0,0,0,343.0,6.0,3,0.0
459.0,32.0,1,2.0,0,0,0,4594.0,18.0,2,0.0
460.0,37.0,1,2.0,0,0,0,3620.0,36.0,1,0.0
461.0,36.0,1,2.0,0,0,0,1721.0,15.0,0,0.0
462.0,34.0,0,3.0,1,0,1,3017.0,12.0,1,0.0
463.0,38.0,1,2.0,0,0,1,754.0,12.0,5,0.0
464.0,34.0,1,2.0,0,0,0,1950.0,18.0,6,0.0
465.0,63.0,1,2.0,0,0,0,2924.0,24.0,0,0.0
466.0,29.0,0,1.0,1,0,0,1659.0,24.0,2,1.0
467.0,32.0,1,2.0,0,0,0,7238.0,48.0,2,0.0
468.0,26.0,0,2.0,0,0,0,2764.0,33.0,6,0.0
469.0,35.0,1,1.0,0,0,0,4679.0,24.0,0,0.0
470.0,22.0,1,2.0,1,1,1,3092.0,24.0,2,1.0
471.0,23.0,0,2.0,0,0,0,448.0,6.0,5,1.0
472.0,28.0,1,1.0,0,0,0,654.0,9.0,0,1.0
473.0,36.0,1,3.0,0,0,0,1238.0,6.0,5,0.0
474.0,33.0,1,2.0,0,0,1,1245.0,18.0,2,1.0
475.0,26.0,0,2.0,1,0,0,3114.0,18.0,1,1.0
476.0,24.0,1,2.0,0,2,0,2569.0,39.0,0,0.0
477.0,25.0,1,2.0,0,0,3,5152.0,24.0,2,0.0
478.0,39.0,1,1.0,0,1,1,1037.0,12.0,6,0.0
479.0,44.0,1,2.0,0,0,0,1478.0,15.0,1,0.0
480.0,23.0,0,1.0,0,0,1,3573.0,12.0,2,0.0
481.0,26.0,1,2.0,0,0,1,1201.0,24.0,0,0.0
482.0,57.0,0,2.0,1,3,0,3622.0,30.0,1,0.0
483.0,30.0,0,2.0,0,3,0,960.0,15.0,1,0.0
484.0,44.0,1,2.0,0,2,0,1163.0,12.0,0,0.0
485.0,47.0,1,3.0,0,0,1,1209.0,6.0,0,1.0
486.0,52.0,1,2.0,0,0,0,3077.0,12.0,2,0.0
487.0,62.0,0,2.0,2,0,0,3757.0,24.0,0,0.0
488.0,35.0,1,1.0,1,1,0,1418.0,10.0,0,0.0
489.0,26.0,1,2.0,1,0,0,3518.0,6.0,0,0.0
490.0,26.0,1,2.0,0,0,0,1934.0,12.0,2,0.0
491.0,42.0,0,3.0,2,0,1,8318.0,27.0,6,1.0
492.0,27.0,0,2.0,0,1,0,1237.0,6.0,2,0.0
493.0,38.0,1,2.0,0,0,1,368.0,6.0,2,0.0
494.0,39.0,1,1.0,1,0,0,2122.0,12.0,0,0.0
495.0,20.0,1,2.0,0,0,0,2996.0,24.0,1,1.0
496.0,29.0,1,3.0,1,1,1,9034.0,36.0,1,1.0
497.0,40.0,1,2.0,0,0,0,1585.0,24.0,1,0.0
498.0,32.0,1,1.0,0,0,1,1301.0,18.0,2,0.0
499.0,28.0,1,2.0,0,1,3,1323.0,6.0,0,0.0
500.0,27.0,0,2.0,0,0,0,3123.0,24.0,0,1.0
501.0,42.0,1,2.0,2,0,0,5493.0,36.0,0,0.0
502.0,49.0,1,2.0,0,1,3,1126.0,9.0,2,0.0
503.0,38.0,1,2.0,0,1,1,1216.0,24.0,2,1.0
504.0,24.0,0,2.0,1,0,0,1207.0,24.0,0,1.0
505.0,27.0,1,1.0,0,0,0,1309.0,10.0,0,1.0
506.0,36.0,1,2.0,0,2,3,2360.0,15.0,0,0.0
507.0,34.0,1,3.0,0,1,1,6850.0,15.0,0,1.0
508.0,28.0,1,2.0,0,0,0,1413.0,24.0,2,0.0
509.0,45.0,1,3.0,0,1,0,8588.0,39.0,0,0.0
510.0,26.0,1,2.0,0,0,0,759.0,12.0,0,1.0
511.0,32.0,1,3.0,2,0,0,4686.0,36.0,0,0.0
512.0,26.0,1,2.0,1,0,3,2687.0,15.0,6,0.0
513.0,20.0,1,2.0,1,0,1,585.0,12.0,2,0.0
514.0,54.0,1,2.0,0,0,0,2255.0,24.0,0,0.0
515.0,37.0,0,2.0,0,0,0,609.0,6.0,0,0.0
516.0,40.0,1,1.0,0,0,0,1361.0,6.0,0,0.0
517.0,23.0,0,2.0,1,0,0,7127.0,36.0,1,1.0
518.0,43.0,1,2.0,0,1,0,1203.0,6.0,0,0.0
519.0,36.0,1,2.0,2,0,0,700.0,6.0,2,0.0
520.0,44.0,1,2.0,2,0,0,5507.0,24.0,4,0.0
521.0,24.0,0,2.0,0,0,0,3190.0,18.0,2,1.0
522.0,53.0,1,2.0,2,0,0,7119.0,48.0,1,1.0
523.0,23.0,0,2.0,0,1,0,3488.0,24.0,0,0.0
524.0,26.0,0,1.0,0,0,1,1113.0,18.0,2,0.0
525.0,30.0,1,2.0,0,0,1,7966.0,26.0,0,0.0
526.0,31.0,0,2.0,0,1,0,1532.0,15.0,5,0.0
527.0,42.0,1,1.0,0,0,0,1503.0,4.0,2,0.0
528.0,31.0,1,2.0,1,0,0,2302.0,36.0,2,1.0
529.0,41.0,1,1.0,0,0,0,662.0,6.0,0,0.0
530.0,32.0,1,2.0,0,0,1,2273.0,36.0,5,0.0
531.0,28.0,0,2.0,1,1,1,2631.0,15.0,0,1.0
532.0,41.0,1,2.0,1,0,0,1503.0,12.0,0,0.0
533.0,26.0,1,2.0,0,1,0,1311.0,24.0,2,0.0
534.0,25.0,1,2.0,0,0,0,3105.0,24.0,2,0.0
535.0,33.0,1,2.0,1,0,3,2319.0,21.0,5,1.0
536.0,75.0,0,3.0,0,0,0,1374.0,6.0,0,0.0
537.0,37.0,0,2.0,0,0,1,3612.0,18.0,1,0.0
538.0,42.0,1,3.0,2,0,0,7763.0,48.0,0,1.0
539.0,45.0,0,1.0,0,0,3,3049.0,18.0,1,0.0
540.0,23.0,1,2.0,1,0,1,1534.0,12.0,2,1.0
541.0,60.0,1,2.0,2,0,0,2032.0,24.0,0,0.0
542.0,31.0,1,2.0,0,0,0,6350.0,30.0,1,1.0
543.0,34.0,1,1.0,0,0,3,2864.0,18.0,1,1.0
544.0,61.0,1,1.0,0,0,0,1255.0,12.0,0,0.0
545.0,43.0,1,2.0,2,0,0,1333.0,24.0,0,1.0
546.0,37.0,0,2.0,0,0,0,2022.0,24.0,0,0.0
547.0,32.0,1,2.0,0,0,0,1552.0,24.0,2,0.0
548.0,24.0,0,1.0,0,0,0,626.0,12.0,2,1.0
549.0,35.0,1,2.0,2,0,0,8858.0,48.0,0,0.0
550.0,23.0,0,2.0,0,0,0,996.0,12.0,4,0.0
551.0,45.0,1,1.0,0,2,0,1750.0,6.0,2,0.0
552.0,34.0,1,2.0,0,0,0,6999.0,48.0,2,1.0
553.0,27.0,1,2.0,0,1,1,1995.0,12.0,0,0.0
554.0,67.0,0,3.0,0,0,1,1199.0,9.0,5,0.0
555.0,22.0,1,2.0,0,0,1,1331.0,12.0,2,1.0
556.0,28.0,0,2.0,0,1,1,2278.0,18.0,0,1.0
557.0,29.0,0,2.0,0,0,0,5003.0,21.0,0,1.0
558.0,27.0,1,2.0,0,0,0,3552.0,24.0,1,1.0
559.0,31.0,1,1.0,0,0,1,1928.0,18.0,1,1.0
560.0,49.0,1,2.0,2,0,0,2964.0,24.0,0,0.0
561.0,24.0,1,1.0,1,0,0,1546.0,24.0,2,1.0
562.0,29.0,0,2.0,0,0,3,683.0,6.0,2,0.0
563.0,37.0,1,2.0,2,0,1,12389.0,36.0,0,1.0
564.0,37.0,1,3.0,0,0,1,4712.0,24.0,6,0.0
565.0,23.0,0,2.0,1,1,1,1553.0,24.0,2,0.0
566.0,36.0,1,2.0,0,0,0,1372.0,12.0,0,1.0
567.0,34.0,1,2.0,0,3,0,2578.0,24.0,2,0.0
568.0,41.0,1,2.0,0,0,1,3979.0,48.0,2,0.0
569.0,31.0,0,2.0,0,0,0,6758.0,48.0,2,1.0
570.0,23.0,0,1.0,1,0,0,3234.0,24.0,1,1.0
571.0,38.0,1,2.0,0,0,0,5954.0,30.0,2,0.0
572.0,26.0,0,3.0,1,0,0,5433.0,24.0,0,0.0
573.0,22.0,0,1.0,0,0,0,806.0,15.0,6,0.0
574.0,27.0,1,1.0,0,0,1,1082.0,9.0,2,0.0
575.0,24.0,0,2.0,0,0,0,2788.0,15.0,1,0.0
576.0,27.0,0,2.0,0,0,1,2930.0,12.0,2,0.0
577.0,33.0,0,2.0,0,0,0,1927.0,24.0,5,0.0
578.0,27.0,1,2.0,0,0,1,2820.0,36.0,0,1.0
579.0,27.0,1,1.0,0,0,0,937.0,24.0,5,0.0
580.0,30.0,1,2.0,0,0,1,1056.0,18.0,0,1.0
581.0,49.0,1,1.0,0,0,1,3124.0,12.0,0,0.0
582.0,26.0,0,2.0,1,0,0,1388.0,9.0,1,0.0
583.0,33.0,1,1.0,1,0,1,2384.0,36.0,4,1.0
584.0,52.0,0,3.0,2,0,0,2133.0,12.0,0,0.0
585.0,20.0,0,2.0,1,0,0,2039.0,18.0,1,1.0
586.0,36.0,1,2.0,1,0,0,2799.0,9.0,0,0.0
587.0,21.0,1,1.0,0,0,0,1289.0,12.0,1,0.0
588.0,47.0,1,1.0,0,0,0,1217.0,18.0,3,1.0
589.0,60.0,1,2.0,0,0,0,2246.0,12.0,1,1.0
590.0,58.0,0,1.0,0,0,0,385.0,12.0,2,0.0
591.0,42.0,0,2.0,1,0,1,1965.0,24.0,0,0.0
592.0,36.0,0,1.0,0,3,0,1572.0,21.0,6,0.0
593.0,20.0,0,1.0,1,0,1,2718.0,24.0,0,1.0
594.0,40.0,1,3.0,0,0,0,1358.0,24.0,7,1.0
595.0,32.0,0,1.0,0,1,1,931.0,6.0,0,1.0
596.0,23.0,0,2.0,1,0,0,1442.0,24.0,0,1.0
597.0,36.0,1,1.0,0,0,1,4241.0,24.0,6,1.0
598.0,31.0,1,2.0,0,0,0,2775.0,18.0,0,1.0
599.0,32.0,1,2.0,2,0,0,3863.0,24.0,6,0.0
600.0,45.0,0,2.0,0,0,1,2329.0,7.0,2,0.0
601.0,30.0,0,2.0,0,0,1,918.0,9.0,1,1.0
602.0,34.0,0,1.0,2,0,1,1837.0,24.0,5,1.0
603.0,28.0,0,3.0,0,0,0,3349.0,36.0,1,1.0
604.0,23.0,0,2.0,0,0,3,1275.0,10.0,1,0.0
605.0,22.0,1,2.0,0,2,0,2828.0,24.0,1,0.0
606.0,74.0,1,3.0,0,0,0,4526.0,24.0,6,0.0
607.0,50.0,0,2.0,2,1,1,2671.0,36.0,2,1.0
608.0,33.0,1,2.0,0,0,0,2051.0,18.0,2,0.0
609.0,45.0,1,2.0,2,0,0,1300.0,15.0,0,0.0
610.0,22.0,0,2.0,0,1,0,741.0,12.0,3,1.0
611.0,48.0,0,1.0,2,1,3,1240.0,10.0,0,1.0
612.0,29.0,0,2.0,0,3,0,3357.0,21.0,2,0.0
613.0,22.0,0,2.0,1,0,0,3632.0,24.0,0,0.0
614.0,22.0,0,2.0,0,0,0,1808.0,18.0,1,1.0
615.0,48.0,1,3.0,0,0,1,12204.0,48.0,6,0.0
616.0,27.0,1,3.0,2,0,1,9157.0,60.0,2,0.0
617.0,37.0,1,2.0,1,0,0,3676.0,6.0,0,0.0
618.0,21.0,0,2.0,1,1,1,3441.0,30.0,1,1.0
619.0,49.0,1,1.0,0,0,0,640.0,12.0,0,0.0
620.0,27.0,1,2.0,0,0,1,3652.0,21.0,6,0.0
621.0,32.0,1,2.0,0,0,0,1530.0,18.0,0,1.0
622.0,38.0,1,2.0,0,0,0,3914.0,48.0,6,1.0
623.0,22.0,0,2.0,1,0,0,1858.0,12.0,1,0.0
624.0,65.0,1,2.0,2,0,0,2600.0,18.0,2,1.0
625.0,35.0,1,2.0,0,0,0,1979.0,15.0,2,0.0
626.0,41.0,1,2.0,0,0,3,2116.0,6.0,1,0.0
627.0,29.0,1,2.0,0,1,1,1437.0,9.0,0,1.0
628.0,36.0,1,2.0,0,2,0,4042.0,42.0,1,0.0
629.0,64.0,1,1.0,0,0,0,3832.0,9.0,5,0.0
630.0,28.0,0,2.0,0,0,0,3660.0,24.0,2,0.0
631.0,44.0,1,2.0,0,0,0,1553.0,18.0,1,1.0
632.0,23.0,1,2.0,0,0,1,1444.0,15.0,2,0.0
633.0,19.0,0,2.0,1,0,0,1980.0,9.0,1,1.0
634.0,25.0,0,1.0,0,0,1,1355.0,24.0,0,1.0
635.0,47.0,1,2.0,0,0,0,1393.0,12.0,5,0.0
636.0,28.0,0,2.0,0,2,0,1376.0,24.0,2,0.0
637.0,21.0,1,2.0,0,0,0,15653.0,60.0,2,0.0
638.0,34.0,0,2.0,0,0,0,1493.0,12.0,2,0.0
639.0,26.0,1,2.0,0,0,0,4370.0,42.0,2,1.0
640.0,27.0,0,0.0,0,0,0,750.0,18.0,5,1.0
641.0,38.0,1,1.0,0,0,1,1308.0,15.0,4,0.0
642.0,40.0,1,3.0,0,1,0,4623.0,15.0,5,1.0
643.0,33.0,1,2.0,0,0,0,1851.0,24.0,2,0.0
644.0,32.0,1,3.0,0,0,0,1880.0,18.0,2,0.0
645.0,27.0,1,2.0,1,0,0,7980.0,36.0,6,1.0
646.0,32.0,1,2.0,0,0,0,4583.0,30.0,1,0.0
647.0,26.0,0,2.0,0,2,0,1386.0,12.0,0,1.0
648.0,38.0,1,2.0,2,0,3,947.0,24.0,0,1.0
649.0,40.0,1,1.0,1,0,0,684.0,12.0,5,1.0
650.0,50.0,1,3.0,2,0,0,7476.0,48.0,5,0.0
651.0,37.0,1,1.0,0,0,1,1922.0,12.0,1,1.0
652.0,45.0,1,2.0,0,0,0,2303.0,24.0,0,1.0
653.0,42.0,1,3.0,0,1,1,8086.0,36.0,0,1.0
654.0,35.0,1,2.0,0,0,0,2346.0,24.0,0,0.0
655.0,22.0,1,2.0,2,0,0,3973.0,14.0,0,0.0
656.0,41.0,1,1.0,0,0,1,888.0,12.0,0,1.0
657.0,37.0,1,2.0,0,0,0,10222.0,48.0,2,0.0
658.0,28.0,0,2.0,0,0,1,4221.0,30.0,6,0.0
659.0,41.0,1,2.0,0,0,1,6361.0,18.0,1,0.0
660.0,23.0,1,2.0,1,0,3,1297.0,12.0,2,0.0
661.0,23.0,1,2.0,0,0,0,900.0,12.0,0,1.0
662.0,50.0,1,2.0,0,0,0,2241.0,21.0,1,0.0
663.0,35.0,1,3.0,0,0,1,1050.0,6.0,1,0.0
664.0,50.0,0,1.0,0,0,3,1047.0,6.0,5,0.0
665.0,27.0,1,3.0,0,0,0,6314.0,24.0,7,0.0
666.0,34.0,1,2.0,0,3,1,3496.0,30.0,1,0.0
667.0,27.0,0,2.0,0,0,0,3609.0,48.0,6,0.0
668.0,43.0,1,2.0,1,0,0,4843.0,12.0,0,1.0
669.0,47.0,1,2.0,0,0,3,3017.0,30.0,2,0.0
670.0,27.0,1,1.0,0,1,0,4139.0,24.0,6,0.0
671.0,31.0,1,2.0,0,1,0,5742.0,36.0,6,0.0
672.0,42.0,1,3.0,0,0,0,10366.0,60.0,0,0.0
673.0,24.0,1,2.0,0,2,0,2080.0,6.0,0,0.0
674.0,41.0,1,1.0,0,2,0,2580.0,21.0,6,1.0
675.0,26.0,0,3.0,1,0,0,4530.0,30.0,2,0.0
676.0,33.0,1,2.0,0,0,0,5150.0,24.0,1,0.0
677.0,24.0,1,2.0,0,1,1,5595.0,72.0,2,1.0
678.0,64.0,1,1.0,1,0,0,2384.0,24.0,2,0.0
679.0,26.0,0,2.0,0,0,0,1453.0,18.0,2,0.0
680.0,56.0,0,2.0,0,0,0,1538.0,6.0,5,0.0
681.0,37.0,1,2.0,2,0,0,2279.0,12.0,2,0.0
682.0,33.0,1,2.0,0,0,0,1478.0,15.0,2,0.0
683.0,47.0,1,2.0,2,0,0,5103.0,24.0,2,0.0
684.0,31.0,1,1.0,0,1,1,9857.0,36.0,6,0.0
685.0,34.0,1,2.0,2,0,0,6527.0,60.0,0,0.0
686.0,27.0,1,2.0,0,0,3,1347.0,10.0,2,0.0
687.0,30.0,1,2.0,2,1,1,2862.0,36.0,0,0.0
688.0,35.0,1,2.0,0,1,0,2753.0,9.0,2,0.0
689.0,31.0,1,2.0,0,3,0,3651.0,12.0,0,0.0
690.0,25.0,1,2.0,0,0,0,975.0,15.0,1,0.0
691.0,25.0,0,1.0,0,1,1,2631.0,15.0,4,0.0
692.0,29.0,1,2.0,0,1,1,2896.0,24.0,2,0.0
693.0,44.0,1,1.0,0,0,0,4716.0,6.0,0,0.0
694.0,28.0,1,2.0,0,0,0,2284.0,24.0,2,0.0
695.0,50.0,1,2.0,1,2,0,1236.0,6.0,0,0.0
696.0,29.0,1,2.0,0,0,1,1103.0,12.0,2,0.0
697.0,38.0,0,0.0,0,0,0,926.0,12.0,0,0.0
698.0,24.0,1,2.0,0,0,0,1800.0,18.0,2,0.0
699.0,40.0,1,3.0,1,0,3,1905.0,15.0,5,0.0
700.0,29.0,0,1.0,1,2,0,1123.0,12.0,1,1.0
701.0,46.0,1,2.0,2,0,0,6331.0,48.0,0,1.0
702.0,47.0,0,2.0,2,1,3,1377.0,24.0,2,0.0
703.0,41.0,1,2.0,0,1,1,2503.0,30.0,6,0.0
704.0,32.0,0,2.0,0,0,1,2528.0,27.0,6,0.0
705.0,35.0,0,2.0,2,2,0,5324.0,15.0,0,0.0
706.0,24.0,1,2.0,0,1,1,6560.0,48.0,0,1.0
707.0,25.0,0,2.0,1,0,1,2969.0,12.0,1,1.0
708.0,25.0,0,2.0,0,0,1,1206.0,9.0,2,0.0
709.0,37.0,1,1.0,0,0,1,2118.0,9.0,2,0.0
710.0,32.0,1,3.0,0,2,0,629.0,18.0,2,0.0
711.0,35.0,0,2.0,2,0,0,1198.0,6.0,5,1.0
712.0,46.0,1,3.0,0,0,0,2476.0,21.0,0,0.0
713.0,25.0,1,1.0,0,0,0,1138.0,9.0,2,0.0
714.0,27.0,1,3.0,0,0,1,14027.0,60.0,0,1.0
715.0,63.0,1,2.0,0,0,0,7596.0,30.0,0,0.0
716.0,40.0,1,2.0,0,0,0,3077.0,30.0,2,0.0
717.0,32.0,1,3.0,2,0,0,1505.0,18.0,2,0.0
718.0,31.0,1,2.0,0,0,3,3148.0,24.0,2,0.0
719.0,31.0,1,2.0,0,1,1,6148.0,20.0,0,0.0
720.0,34.0,1,3.0,0,0,3,1337.0,9.0,2,1.0
721.0,24.0,0,2.0,1,3,1,433.0,6.0,5,1.0
722.0,24.0,0,1.0,0,0,0,1228.0,12.0,0,1.0
723.0,66.0,0,1.0,0,2,1,790.0,9.0,2,0.0
724.0,21.0,0,2.0,1,0,0,2570.0,27.0,0,1.0
725.0,41.0,0,1.0,0,3,0,250.0,6.0,0,0.0
726.0,47.0,1,1.0,0,2,0,1316.0,15.0,2,0.0
727.0,25.0,0,2.0,1,0,0,1882.0,18.0,2,1.0
728.0,59.0,0,2.0,1,0,1,6416.0,48.0,6,1.0
729.0,36.0,1,2.0,0,3,3,1275.0,24.0,6,0.0
730.0,33.0,1,2.0,0,0,1,6403.0,24.0,2,0.0
731.0,21.0,1,1.0,1,0,0,1987.0,24.0,2,1.0
732.0,44.0,0,1.0,0,0,1,760.0,8.0,2,0.0
733.0,28.0,0,2.0,1,3,0,2603.0,24.0,0,0.0
734.0,37.0,0,2.0,0,0,0,3380.0,4.0,0,0.0
735.0,29.0,0,0.0,0,0,1,3990.0,36.0,3,0.0
736.0,23.0,0,3.0,1,0,1,11560.0,24.0,0,1.0
737.0,35.0,1,1.0,0,1,0,4380.0,18.0,0,0.0
738.0,45.0,1,3.0,0,0,0,6761.0,6.0,0,0.0
739.0,26.0,0,1.0,1,1,1,4280.0,30.0,6,1.0
740.0,32.0,1,2.0,0,1,0,2325.0,24.0,0,0.0
741.0,23.0,1,1.0,0,0,1,1048.0,10.0,2,0.0
742.0,41.0,1,2.0,0,0,0,3160.0,21.0,2,0.0
743.0,22.0,1,2.0,0,2,0,2483.0,24.0,1,0.0
744.0,30.0,1,3.0,0,0,0,14179.0,39.0,1,0.0
745.0,28.0,1,1.0,0,0,0,1797.0,13.0,6,0.0
746.0,23.0,0,2.0,1,0,0,2511.0,15.0,0,0.0
747.0,37.0,0,1.0,0,0,0,1274.0,12.0,0,1.0
748.0,26.0,1,2.0,0,0,0,5248.0,21.0,0,0.0
749.0,33.0,1,2.0,0,0,0,3029.0,15.0,0,0.0
750.0,49.0,0,2.0,0,0,0,428.0,6.0,1,0.0
751.0,23.0,0,1.0,0,0,0,976.0,18.0,0,1.0
752.0,23.0,0,1.0,1,1,1,841.0,12.0,6,0.0
753.0,25.0,0,2.0,0,0,0,5771.0,30.0,2,0.0
754.0,55.0,1,2.0,2,3,0,1555.0,12.0,4,1.0
755.0,32.0,0,2.0,1,0,0,1285.0,24.0,0,1.0
756.0,74.0,1,0.0,0,0,3,1299.0,6.0,0,0.0
757.0,39.0,1,2.0,2,0,3,1271.0,15.0,2,1.0
758.0,31.0,1,2.0,0,0,0,1393.0,24.0,0,0.0
759.0,35.0,1,2.0,0,0,0,691.0,12.0,0,1.0
760.0,59.0,0,2.0,0,0,0,5045.0,15.0,0,0.0
761.0,24.0,0,2.0,1,0,0,2124.0,18.0,1,1.0
762.0,24.0,1,1.0,0,0,0,2214.0,12.0,2,0.0
763.0,30.0,1,3.0,2,0,0,12680.0,21.0,0,1.0
764.0,27.0,1,2.0,0,1,0,2463.0,24.0,0,0.0
765.0,40.0,1,1.0,0,0,1,1155.0,12.0,2,0.0
766.0,31.0,1,1.0,0,0,0,3108.0,30.0,1,1.0
767.0,31.0,0,2.0,1,0,0,2901.0,10.0,0,0.0
768.0,28.0,1,2.0,1,0,1,3617.0,12.0,1,0.0
769.0,63.0,1,1.0,0,0,0,1655.0,12.0,2,0.0
770.0,26.0,0,2.0,1,0,0,2812.0,24.0,0,0.0
771.0,25.0,0,3.0,0,0,0,8065.0,36.0,5,1.0
772.0,36.0,1,3.0,0,0,0,3275.0,21.0,0,0.0
773.0,52.0,1,2.0,0,1,0,2223.0,24.0,2,0.0
774.0,66.0,1,0.0,2,2,3,1480.0,12.0,0,0.0
775.0,25.0,0,2.0,1,0,0,1371.0,24.0,0,1.0
776.0,37.0,1,2.0,0,0,0,3535.0,36.0,0,0.0
777.0,25.0,0,2.0,0,0,0,3509.0,18.0,2,0.0
778.0,38.0,1,3.0,0,3,0,5711.0,36.0,0,0.0
779.0,67.0,0,2.0,0,0,1,3872.0,18.0,4,0.0
780.0,25.0,1,2.0,0,0,1,4933.0,39.0,2,1.0
781.0,60.0,1,2.0,0,3,0,1940.0,24.0,0,0.0
782.0,31.0,1,1.0,0,0,1,1410.0,12.0,5,0.0
783.0,23.0,0,1.0,0,1,1,836.0,12.0,0,1.0
784.0,60.0,1,3.0,0,0,1,6468.0,20.0,0,0.0
785.0,35.0,1,1.0,0,3,1,1941.0,18.0,6,0.0
786.0,40.0,1,2.0,0,2,0,2675.0,22.0,2,0.0
787.0,38.0,1,2.0,0,0,0,2751.0,48.0,0,0.0
788.0,50.0,1,2.0,2,0,1,6224.0,48.0,5,1.0
789.0,27.0,1,2.0,0,0,0,5998.0,40.0,5,1.0
790.0,39.0,0,2.0,0,0,1,1188.0,21.0,6,1.0
791.0,41.0,1,3.0,0,0,0,6313.0,24.0,0,0.0
792.0,27.0,1,2.0,0,0,0,1221.0,6.0,1,0.0
793.0,51.0,1,2.0,2,0,3,2892.0,24.0,1,0.0
794.0,32.0,1,2.0,1,2,0,3062.0,24.0,1,0.0
795.0,22.0,0,2.0,1,1,0,2301.0,9.0,1,0.0
796.0,51.0,1,2.0,2,0,0,7511.0,18.0,0,1.0
797.0,22.0,0,1.0,1,0,0,1258.0,12.0,1,0.0
798.0,54.0,1,2.0,0,0,0,717.0,24.0,0,0.0
799.0,35.0,1,0.0,0,0,1,1549.0,9.0,0,0.0
800.0,54.0,1,2.0,2,0,0,1597.0,24.0,5,0.0
801.0,48.0,0,1.0,1,0,1,1795.0,18.0,2,0.0
802.0,24.0,0,2.0,0,0,0,4272.0,20.0,1,0.0
803.0,35.0,1,2.0,0,0,0,976.0,12.0,2,0.0
804.0,24.0,0,0.0,1,0,1,7472.0,12.0,0,0.0
805.0,24.0,1,2.0,0,0,0,9271.0,36.0,0,1.0
806.0,26.0,1,1.0,0,0,1,590.0,6.0,2,0.0
807.0,65.0,1,2.0,0,0,0,930.0,12.0,2,0.0
808.0,55.0,1,3.0,2,0,1,9283.0,42.0,0,0.0
809.0,26.0,0,0.0,1,0,1,1778.0,15.0,0,1.0
810.0,26.0,1,2.0,0,0,1,907.0,8.0,6,0.0
811.0,28.0,1,1.0,0,0,1,484.0,6.0,2,0.0
812.0,24.0,1,2.0,0,0,0,9629.0,36.0,0,1.0
813.0,54.0,1,2.0,0,0,0,3051.0,48.0,3,1.0
814.0,46.0,1,2.0,2,0,0,3931.0,48.0,0,1.0
815.0,54.0,0,2.0,1,0,1,7432.0,36.0,0,0.0
816.0,62.0,1,2.0,0,2,0,1338.0,6.0,3,0.0
817.0,24.0,0,2.0,1,0,0,1554.0,6.0,2,0.0
818.0,43.0,1,3.0,0,0,0,15857.0,36.0,7,0.0
819.0,26.0,1,2.0,0,0,0,1345.0,18.0,2,1.0
820.0,27.0,1,2.0,0,0,0,1101.0,12.0,0,0.0
821.0,24.0,1,2.0,0,0,3,3016.0,12.0,2,0.0
822.0,41.0,1,2.0,0,0,0,2712.0,36.0,1,1.0
823.0,47.0,1,1.0,0,0,0,731.0,8.0,0,0.0
824.0,35.0,1,3.0,0,0,0,3780.0,18.0,1,0.0
825.0,30.0,1,2.0,0,0,0,1602.0,21.0,0,0.0
826.0,33.0,0,2.0,1,0,0,3966.0,18.0,0,1.0
827.0,36.0,1,2.0,0,0,0,4165.0,18.0,6,1.0
828.0,47.0,1,2.0,2,0,0,8335.0,36.0,0,1.0
829.0,38.0,1,2.0,2,0,1,6681.0,48.0,6,0.0
830.0,44.0,1,2.0,0,2,0,2375.0,24.0,6,0.0
831.0,23.0,0,2.0,1,0,0,1216.0,18.0,0,1.0
832.0,29.0,1,2.0,1,0,0,11816.0,45.0,6,1.0
833.0,42.0,0,2.0,0,0,1,5084.0,24.0,2,0.0
834.0,25.0,0,1.0,0,0,3,2327.0,15.0,2,1.0
835.0,48.0,1,2.0,0,0,0,1082.0,12.0,0,1.0
836.0,21.0,0,2.0,0,0,0,886.0,12.0,2,0.0
837.0,23.0,0,1.0,1,0,0,601.0,4.0,1,0.0
838.0,63.0,1,2.0,0,0,0,2957.0,24.0,0,0.0
839.0,46.0,1,2.0,0,0,0,2611.0,24.0,2,0.0
840.0,29.0,1,2.0,0,0,0,5179.0,36.0,1,1.0
841.0,28.0,1,1.0,0,0,0,2993.0,21.0,0,0.0
842.0,23.0,0,2.0,0,0,0,1943.0,18.0,4,1.0
843.0,50.0,1,2.0,0,0,0,1559.0,24.0,6,0.0
844.0,47.0,1,2.0,0,0,0,3422.0,18.0,1,0.0
845.0,35.0,1,2.0,0,0,1,3976.0,21.0,1,0.0
846.0,68.0,1,2.0,1,0,0,6761.0,18.0,0,1.0
847.0,28.0,1,2.0,0,0,0,1249.0,24.0,0,0.0
848.0,59.0,1,2.0,0,0,0,1364.0,9.0,2,0.0
849.0,57.0,1,1.0,0,0,0,709.0,12.0,2,1.0
850.0,33.0,1,2.0,1,0,0,2235.0,20.0,0,1.0
851.0,43.0,1,2.0,0,0,0,4042.0,24.0,0,0.0
852.0,35.0,1,2.0,2,0,0,1471.0,15.0,2,0.0
853.0,32.0,1,1.0,2,0,0,1442.0,18.0,0,1.0
854.0,45.0,1,2.0,0,0,0,10875.0,36.0,0,0.0
855.0,33.0,1,2.0,0,1,0,1474.0,24.0,0,0.0
856.0,40.0,0,2.0,0,0,0,894.0,10.0,5,0.0
857.0,28.0,1,2.0,2,0,0,3343.0,15.0,1,0.0
858.0,29.0,0,2.0,0,0,0,3959.0,15.0,0,1.0
859.0,26.0,1,2.0,1,1,0,3577.0,9.0,0,0.0
860.0,27.0,1,2.0,0,3,0,5804.0,24.0,0,0.0
861.0,28.0,1,2.0,0,0,0,2169.0,18.0,6,1.0
862.0,35.0,0,2.0,0,0,0,2439.0,24.0,2,1.0
863.0,32.0,1,1.0,0,3,0,4526.0,27.0,1,0.0
864.0,25.0,1,1.0,1,0,0,2210.0,10.0,1,1.0
865.0,20.0,0,2.0,1,2,0,2221.0,15.0,1,0.0
866.0,27.0,0,2.0,0,0,0,2389.0,18.0,2,0.0
867.0,42.0,1,2.0,0,0,0,3331.0,12.0,1,0.0
868.0,37.0,1,2.0,0,0,0,7409.0,36.0,6,0.0
869.0,24.0,0,2.0,1,0,0,652.0,12.0,1,0.0
870.0,40.0,0,2.0,0,2,0,7678.0,36.0,1,0.0
871.0,46.0,1,2.0,0,0,3,1343.0,6.0,0,0.0
872.0,26.0,1,2.0,0,1,0,1382.0,24.0,6,0.0
873.0,24.0,0,2.0,0,0,0,874.0,15.0,3,0.0
874.0,29.0,1,1.0,0,0,0,3590.0,12.0,1,0.0
875.0,40.0,0,2.0,0,3,1,1322.0,11.0,0,0.0
876.0,36.0,1,3.0,2,0,0,1940.0,18.0,2,0.0
877.0,28.0,1,2.0,0,0,0,3595.0,36.0,2,0.0
878.0,27.0,1,3.0,2,0,0,1422.0,9.0,0,1.0
879.0,36.0,1,2.0,0,0,0,6742.0,30.0,2,0.0
880.0,38.0,1,3.0,0,0,0,7814.0,24.0,0,0.0
881.0,48.0,1,2.0,2,0,0,9277.0,24.0,0,0.0
882.0,36.0,1,2.0,0,0,1,2181.0,30.0,0,0.0
883.0,65.0,0,0.0,0,0,0,1098.0,18.0,2,0.0
884.0,43.0,1,2.0,0,0,1,4057.0,24.0,1,1.0
885.0,53.0,0,2.0,0,0,0,795.0,12.0,5,1.0
886.0,34.0,1,2.0,0,0,1,2825.0,24.0,6,0.0
887.0,23.0,1,2.0,0,0,1,15672.0,48.0,6,1.0
888.0,34.0,1,3.0,0,0,0,6614.0,36.0,0,0.0
889.0,40.0,1,2.0,1,0,0,7824.0,28.0,0,0.0
890.0,43.0,1,3.0,0,0,0,2442.0,27.0,6,0.0
891.0,46.0,1,2.0,0,0,0,1829.0,15.0,2,0.0
892.0,38.0,1,1.0,0,0,0,2171.0,12.0,0,0.0
893.0,34.0,1,2.0,0,0,1,5800.0,36.0,0,0.0
894.0,29.0,1,2.0,0,0,0,1169.0,18.0,2,0.0
895.0,31.0,1,3.0,0,0,0,8947.0,36.0,0,0.0
896.0,28.0,0,3.0,1,0,0,2606.0,21.0,2,0.0
897.0,35.0,0,2.0,0,3,0,1592.0,12.0,1,0.0
898.0,33.0,0,1.0,1,0,0,2186.0,15.0,1,0.0
899.0,42.0,1,2.0,0,0,0,4153.0,18.0,1,1.0
900.0,43.0,1,2.0,1,0,0,2625.0,16.0,0,1.0
901.0,44.0,1,2.0,0,0,0,3485.0,20.0,0,0.0
902.0,42.0,1,2.0,2,0,0,10477.0,36.0,0,0.0
903.0,40.0,1,2.0,1,0,0,1386.0,15.0,2,0.0
904.0,36.0,1,3.0,0,0,0,1278.0,24.0,2,0.0
905.0,20.0,1,3.0,1,0,0,1107.0,12.0,2,0.0
906.0,24.0,1,1.0,0,0,0,3763.0,21.0,0,0.0
907.0,27.0,1,2.0,0,0,1,3711.0,36.0,5,0.0
908.0,46.0,0,1.0,0,0,0,3594.0,15.0,0,0.0
909.0,33.0,0,1.0,0,0,1,3195.0,9.0,0,0.0
910.0,34.0,0,2.0,0,0,0,4454.0,36.0,2,0.0
911.0,25.0,0,1.0,0,0,1,4736.0,24.0,1,1.0
912.0,25.0,0,2.0,0,0,1,2991.0,30.0,2,0.0
913.0,28.0,1,2.0,0,3,0,2142.0,11.0,6,0.0
914.0,31.0,1,2.0,1,0,0,3161.0,24.0,6,1.0
915.0,32.0,0,3.0,0,0,1,18424.0,48.0,7,1.0
916.0,32.0,1,2.0,0,1,0,2848.0,10.0,0,0.0
917.0,68.0,1,3.0,0,0,0,14896.0,6.0,0,1.0
918.0,33.0,1,2.0,0,1,0,2359.0,24.0,1,1.0
919.0,39.0,1,3.0,1,0,0,3345.0,24.0,1,1.0
920.0,28.0,0,2.0,0,0,0,1817.0,18.0,1,0.0
921.0,37.0,1,3.0,0,2,0,12749.0,48.0,2,0.0
922.0,22.0,0,2.0,1,0,0,1366.0,9.0,2,1.0
923.0,30.0,1,2.0,1,0,1,2002.0,12.0,0,0.0
924.0,55.0,1,2.0,0,0,0,6872.0,24.0,1,1.0
925.0,46.0,1,2.0,0,0,0,697.0,12.0,0,1.0
926.0,21.0,0,2.0,1,0,0,1049.0,18.0,1,0.0
927.0,39.0,1,2.0,2,0,0,10297.0,48.0,0,1.0
928.0,58.0,1,2.0,0,0,0,1867.0,30.0,2,0.0
929.0,43.0,1,1.0,0,0,0,1344.0,12.0,0,0.0
930.0,24.0,1,1.0,0,0,0,1747.0,24.0,1,0.0
931.0,22.0,0,2.0,0,0,1,1670.0,9.0,2,1.0
932.0,30.0,1,2.0,0,0,0,1224.0,9.0,0,0.0
933.0,42.0,1,2.0,0,2,0,522.0,12.0,2,0.0
934.0,23.0,0,2.0,0,0,0,1498.0,12.0,2,0.0
935.0,30.0,1,3.0,0,1,1,1919.0,30.0,2,1.0
936.0,28.0,0,1.0,0,0,3,745.0,9.0,2,1.0
937.0,30.0,1,3.0,1,0,1,2063.0,6.0,2,0.0
938.0,42.0,1,2.0,2,0,1,6288.0,60.0,5,1.0
939.0,46.0,1,3.0,0,0,0,6842.0,24.0,0,0.0
940.0,45.0,1,3.0,0,0,0,3527.0,12.0,0,0.0
941.0,31.0,1,1.0,0,0,0,1546.0,10.0,0,0.0
942.0,31.0,1,2.0,0,0,0,929.0,24.0,1,0.0
943.0,42.0,1,1.0,0,0,0,1455.0,4.0,0,0.0
944.0,46.0,0,2.0,1,0,0,1845.0,15.0,1,0.0
945.0,30.0,0,2.0,0,2,1,8358.0,48.0,0,0.0
946.0,30.0,1,2.0,2,2,0,3349.0,24.0,1,1.0
947.0,38.0,1,3.0,0,0,0,2859.0,12.0,0,0.0
948.0,43.0,1,1.0,0,0,0,1533.0,18.0,1,1.0
949.0,31.0,1,2.0,0,1,0,3621.0,24.0,2,1.0
950.0,40.0,1,0.0,0,0,1,3590.0,18.0,6,0.0
951.0,24.0,1,2.0,0,0,0,2145.0,36.0,6,1.0
952.0,28.0,0,2.0,1,2,1,4113.0,24.0,0,1.0
953.0,26.0,0,3.0,0,0,0,10974.0,36.0,1,1.0
954.0,29.0,0,2.0,0,0,0,1893.0,12.0,0,0.0
955.0,57.0,0,3.0,1,3,0,1231.0,24.0,2,0.0
956.0,49.0,1,1.0,0,0,3,3656.0,30.0,2,0.0
957.0,37.0,1,1.0,0,0,1,1154.0,9.0,2,0.0
958.0,45.0,1,1.0,0,0,0,4006.0,28.0,0,1.0
959.0,30.0,1,2.0,2,1,1,3069.0,24.0,1,0.0
960.0,30.0,1,2.0,1,0,0,1740.0,6.0,2,0.0
961.0,47.0,1,2.0,0,0,1,2353.0,21.0,0,0.0
962.0,29.0,1,2.0,0,0,0,3556.0,15.0,0,0.0
963.0,35.0,1,2.0,0,2,0,2397.0,24.0,2,1.0
964.0,22.0,1,1.0,0,0,1,454.0,6.0,4,0.0
965.0,26.0,0,2.0,0,0,1,1715.0,30.0,2,0.0
966.0,23.0,1,1.0,0,2,1,2520.0,27.0,2,1.0
967.0,54.0,0,3.0,1,0,0,3568.0,15.0,2,0.0
968.0,29.0,1,2.0,1,0,0,7166.0,42.0,2,0.0
969.0,40.0,1,1.0,0,0,0,3939.0,11.0,0,0.0
970.0,22.0,1,2.0,0,1,1,1514.0,15.0,4,0.0
971.0,43.0,1,1.0,0,0,0,7393.0,24.0,0,0.0
972.0,29.0,0,0.0,1,0,0,1193.0,24.0,0,1.0
973.0,36.0,1,2.0,1,0,0,7297.0,60.0,6,1.0
974.0,33.0,0,2.0,0,0,0,2831.0,30.0,2,0.0
975.0,57.0,0,1.0,0,2,3,1258.0,24.0,2,0.0
976.0,64.0,0,2.0,0,0,1,753.0,6.0,2,0.0
977.0,42.0,1,2.0,0,0,1,2427.0,18.0,6,0.0
978.0,47.0,1,1.0,0,0,0,2538.0,24.0,0,1.0
979.0,25.0,1,2.0,1,1,1,1264.0,15.0,0,1.0
980.0,49.0,1,2.0,0,0,1,8386.0,30.0,1,1.0
981.0,33.0,1,3.0,1,0,0,4844.0,48.0,6,1.0
982.0,28.0,0,3.0,0,1,3,2923.0,21.0,0,0.0
983.0,26.0,1,2.0,0,0,0,8229.0,36.0,0,1.0
984.0,30.0,1,1.0,0,0,0,2028.0,24.0,1,0.0
985.0,25.0,0,2.0,1,0,0,1433.0,15.0,1,0.0
986.0,33.0,1,2.0,0,0,3,6289.0,42.0,6,0.0
987.0,64.0,0,2.0,0,1,0,1409.0,13.0,2,0.0
988.0,29.0,1,3.0,2,0,0,6579.0,24.0,0,0.0
989.0,48.0,1,1.0,0,0,1,1743.0,24.0,2,0.0
990.0,37.0,1,1.0,0,0,0,3565.0,12.0,5,0.0
991.0,34.0,1,1.0,0,1,0,1569.0,15.0,2,0.0
992.0,23.0,1,1.0,1,0,0,1936.0,18.0,2,0.0
993.0,30.0,1,3.0,0,0,0,3959.0,36.0,1,0.0
994.0,50.0,1,2.0,0,0,0,2390.0,12.0,0,0.0
995.0,31.0,0,1.0,0,0,0,1736.0,12.0,1,0.0
996.0,40.0,1,3.0,0,0,0,3857.0,30.0,0,0.0
997.0,38.0,1,2.0,0,0,0,804.0,12.0,2,0.0
998.0,23.0,1,2.0,2,0,0,1845.0,45.0,2,1.0
999.0,27.0,1,2.0,0,1,1,4576.0,45.0,0,0.0